{"MoS2: PDMS on Glas, exposure: 1/30 (CHyN)": {"red": {"1": [1.0, 5.0], "2": [5.0, 20.0], "3": [20.0, 38.0], "4": [38.0, 49.0], "5": [49.0, 60.0]}, "green": {"1": [1.0, 5.0], "2": [5.0, 21.0], "3": [21.0, 35.0], "4": [35.0, 50.0], "5": [50.0, 60.0], "6": [60.0, 67.0]}, "blue": {"1": [1.0, 9.0], "2": [9.0, 32.0], "3": [32.0, 45.0], "4": [45.0, 60.0], "5": [60.0, 80.0], "6": [80.0, 110.0]}, "grey": {"1": [2.0, 9.0], "2": [9.0, 33.0], "3": [33.0, 41.9], "4": [41.0, 50.0], "5": [50.0, 60.0], "6": [60.0, 70.0], "7": [92.0, 114.665]}}, "MoS2: Siliconwafer, exposure: 1/30 (CHyN)": {"red": {"0": [-0.01499, 0.01891], "1": [-0.08351, 0.0631], "2": [-0.117935, -0.08352], "3": [0.063, 0.051785]}, "green": {"0": [-0.01556, 0.01846], "1": [0.01845, 0.0765], "2": [0.0766, 0.1021], "3": [0.1022, 0.1397], "4": [0.154485, 0.175955]}, "blue": {"0": [-0.01427, 0.01819], "1": [0.02448, 0.05457], "2": [0.05458, 0.08229], "3": [0.0823, 0.11081]}, "grey": {"0": [-0.01427, 0.010075], "1": [0.010076, 0.017325], "2": [0.017326, 0.04166], "3": [0.04167, 0.05197], "4": [0.058275, 0.07719]}}}